{"cameraMode":{"drawMode":0,"name":"Shaded","section":"Shading Mode"},"sceneLighting":true,"audioPlay":false,"sceneViewState":{"showFog":true,"showMaterialUpdate":true,"showSkybox":true,"showFlares":true,"showImageEffects":true,"showParticleSystems":true},"in2DMode":false,"pivot":{"x":-1.4128353595733643,"y":1.4677560329437256,"z":58.105655670166019},"rotation":{"x":0.18994711339473725,"y":-0.6773756742477417,"z":0.19528299570083619,"w":0.6841573715209961},"size":1.7314605712890626,"orthographic":false}